question_text,option_a,option_b,option_c,option_d,correct_option,explanation,module
"According to the course material, CRD 204 Man & His Environment consists of 15 units covering the entire facets of:",Man and his environment,only GST auto-coverage,only Esperanto,only a labour union,A,The course consists of 15 units covering man and his environment.,1
"According to the course material, the course developer/writer of CRD204 is:","Dr. Ogunlana, F.O. (Lagos State University)",only Dr I.D. Idrisu,only Mrs Kunbi Lawal,only a GST unit writer,A,"Course developer/writer is Dr. Ogunlana, F.O. of LASU.",1
"According to the course material, the course editor of CRD204 is:",Prof. Grace Joktang (NOUN),only Dr Joshua Okpanachi,only Koce Henry Diko,only a labour union,A,Course editor is Prof. Grace Joktang of NOUN.,1
"According to the course material, CRD204 was printed in:",2017,only 1901,only the GST era,only Esperanto,A,The course material was printed in 2017.,1
"According to the course material, Aristotle's definition which defines human beings is:",rational animal,only a GST unit,only Esperanto,only a labour union,A,Aristotle defined human beings as rational animal.,1
"According to the course material, man is functionally related to his environment such that one could say the environment is the lock and man is the:",key,only a GST unit,only Esperanto,only a labour union,A,The environment is the lock and man is the key.,1
"According to the course material, the origin of man can be explained under three basic ideas: evolution from lower animals, unidentified flying objects (UFOs), and:","the Holy Bible (Genesis 1:26-27, 2:7 and 2:21-23)",only grapevine rumours,only GST units,only Esperanto,A,The third idea is biblical Genesis; the material says this has been proven to be correct.,1
"According to the course material, evolution theory teaches that man gradually evolved from lower animals such as apelike creatures in a:",bit by bit changing process,only GST auto-coverage,only Esperanto,only a labour union,A,Evolutionists say man evolved bit by bit from apelike creatures.,1
"According to the course material, God created man and animals with both internal and external senses, but man has a more sophisticated sense of reasoning than the animals; man has knowledge and:",will power,only GST auto-coverage,only Esperanto,only a labour union,A,Man has knowledge and will power unlike animals.,1
"According to the course material, man's behavior could be likened to the pig, the dog, the devil and the:",saint,only a GST unit,only Esperanto,only a labour union,A,"Four likenesses: pig, dog, devil and saint.",1
"According to the course material, pig attributes result into shamelessness, lust and slander; dog attributes result into pride, vanity, ridicule, wrath and tyranny; if divinity in man is more dominant, it produces knowledge, wisdom, faith and:",truth,only GST auto-coverage,only Esperanto,only a labour union,A,"Divinity produces knowledge, wisdom, faith and truth.",1
"According to the course material, human evolution is the evolutionary process that led to the emergence of anatomically modern humans, beginning with primates and leading to Homo sapiens as a distinct species of the:","hominid family, the great apes",only a GST unit,only Esperanto,only a labour union,A,Homo sapiens is a distinct species of the hominid family.,1
"According to the course material, genetic studies show that primates diverged from other mammals about 85 million years ago, in the:",Late Cretaceous period,only the GST era,only Esperanto,only a labour union,A,Primates diverged about 85 million years ago in the Late Cretaceous.,1
"According to the course material, remains of early humans who lived between 6 and 2 million years ago come entirely from:",Africa,only Antarctica,only Esperanto,only a GST unit,A,Early-human remains from 6-2 million years ago come entirely from Africa.,1
"According to the course material, evidence has shown that early humans first migrated out of Africa into:",Asia,only Esperanto,only a GST unit,only a labour union,A,Early humans first migrated out of Africa into Asia.,1
"According to the course material, evolution occurs when there is change in the genetic material known as:",DNA,only grapevine rumours,only GST units,only Esperanto,A,Evolution occurs when DNA inherited from parents changes.,1
"According to the course material, the most significant adaptations in human evolution include bipedalism, increased brain size, lengthened ontogeny, and decreased:",sexual dimorphism,only GST auto-coverage,only Esperanto,only a labour union,A,"Key adaptations include bipedalism, brain size, lengthened ontogeny, decreased sexual dimorphism.",1
"According to the course material, bipedalism is the basic adaptation of the hominin and is considered the main cause behind a suite of skeletal changes shared by all:",bipedal hominins,only GST units,only Esperanto,only a labour union,A,Bipedalism is the basic hominin adaptation.,1
"According to the course material, man can simply be referred to as human race; cosmic refers to the outer space or a part of universe other than the earth; environment embraces the external factors affecting an organism, which can be living (biotic) or non-living (abiotic) such as temperature and:",rainfall,only GST auto-coverage,only Esperanto,only a labour union,A,Abiotic factors include temperature and rainfall.,1
"According to the course material, the environment of man is constituted of two broad types: natural or physical environment, and:",cultural environment,only GST auto-coverage,only Esperanto,only a labour union,A,Two types: natural/physical and cultural.,1
"According to the course material, natural environment includes location, land forms, water bodies, climate, soils, mineral deposits, natural vegetation, forests and wild life; the most significant of these elements is:",climate,only grapevine rumours,only GST units,only Esperanto,A,Climate is the most significant element of natural environment.,1
"According to the course material, cultural environment comprises man-made features and human talents; elements include races, religions, system of political governments, density and:",distribution of population,only GST auto-coverage,only Esperanto,only a labour union,A,"Cultural elements include races, religions, government, density and population distribution.",1
"According to the course material, the scientific methodology is a technique used for investigating phenomena, acquiring new knowledge, or correcting and integrating previous knowledge; the most important part of the scientific method is the:",experiment,only grapevine rumours,only GST units,only Esperanto,A,The most important part of the scientific method is the experiment.,1
"According to the course material, under modern interpretations, a scientific hypothesis must be falsifiable, implying that it is possible to identify a possible outcome of an experiment that conflicts with predictions deduced from the hypothesis; otherwise the hypothesis cannot be:",meaningfully tested,only a GST unit,only Esperanto,only a labour union,A,A hypothesis must be falsifiable to be meaningfully tested.,1
"According to the course material, science aims at pursuing knowledge for its own sake while the goal of technology is to create products that solve problems and improve human life; in a simple explanation, technology is the:",practical application of science,only grapevine rumours,only GST units,only Esperanto,A,Technology is the practical application of science.,1
"According to the course material, fields of science are commonly classified along two major lines: natural sciences, which study natural phenomena, and social sciences, which study:",human behavior and societies,only GST auto-coverage,only Esperanto,only a labour union,A,Social sciences study human behavior and societies.,1
"According to the course material, the power by which the human body or material body uses to do any form of work is called energy; energy can be converted from one form to another but cannot be:",destroyed,only a GST unit,only Esperanto,only a labour union,A,Energy can be converted but not destroyed (conservation law).,1
"According to the course material, the most enduring source of energy is the sun; the earth also has fossil fuel, mineral energy (uranium), and heat or geothermal energy, which are either directly or remotely related to the sun as the:",ultimate source of all energy forms,only GST auto-coverage,only Esperanto,only a labour union,A,The sun is the ultimate source of all energy forms.,1
"According to the course material, renewable resources are those which can be renewed or replaced over time; great examples of infinite renewable resources are wind, sunlight, tides and:",biomass,only grapevine rumours,only GST units,only Esperanto,A,"Infinite renewables include wind, sunlight, tides and biomass.",1
"According to the course material, geothermal energy is extracted from the heat stored under the surface of the Earth; it is found in the form of inactive volcanic sites and:",hot springs,only GST auto-coverage,only Esperanto,only a labour union,A,Geothermal energy is found at inactive volcanic sites and hot springs.,1
"According to the course material, the best examples of non-renewable resources are fossil fuels such as coal, oil, and natural gases; they are produced by the decay of animal and plant matter and their rate of production is very slow compared to the rate of:",extraction and consumption,only GST auto-coverage,only Esperanto,only a labour union,A,Fossil fuels form slowly relative to extraction and consumption.,1
"According to the course material, water is a controversial resource which can be categorized as both a renewable and non-renewable resource; the cyclic change of water makes it renewable while its unmanaged usage is making it a:",non-renewable resource,only GST auto-coverage,only Esperanto,only a labour union,A,Unmanaged water use can make it non-renewable.,1
"According to the course material, renewable resources have a higher rate of decomposition than their rate of consumption, while non-renewable resources have a lower rate of decomposition than the rate of:",consumption,only GST auto-coverage,only Esperanto,only a labour union,A,Non-renewables decompose more slowly than they are consumed.,1
